{
  "test_read_data": {
    "lengths": [
      1750,
      250,
      500
    ]
  },
  "test_prepare_data": {
    "dev_texts_shape": [
      250,
      61
    ],
    "train_labels_shape": [
      1750,
      77
    ]
  },
  "test_model": {
    "f1": 0.9841364440947622,
    "f1_wo_o": 0.9615810776543183
  }
}
